City_ID,City,Country,Lat,Lng,Max Temp,Humidity,Cloudiness,Wind Speed,Current Description
0,Esperance,AU,-33.87,121.9,57.2,82,90,5.82,overcast clouds
1,Atuona,PF,-9.8,-139.03,78.62,71,0,17.83,clear sky
2,Yar-Sale,RU,66.83,70.83,21.24,96,100,8.7,overcast clouds
3,Mmathubudukwane,BW,-24.6,26.43,77.54,33,78,8.43,broken clouds
4,Rikitea,PF,-23.12,-134.97,74.03,81,100,14.99,overcast clouds
5,Ushuaia,AR,-54.8,-68.3,42.8,70,75,9.17,broken clouds
6,Hay River,CA,60.82,-115.8,23.0,67,40,4.7,scattered clouds
7,Puerto Ayora,EC,-0.74,-90.35,69.01,92,52,1.01,broken clouds
8,Talnakh,RU,69.49,88.4,-5.8,83,40,6.71,scattered clouds
9,Mahebourg,MU,-20.41,57.7,73.4,73,40,9.17,scattered clouds
10,Cabo San Lucas,MX,22.89,-109.91,87.8,58,5,10.29,clear sky
11,Westport,US,41.14,-73.36,63.0,93,90,9.17,overcast clouds
12,Mataura,NZ,-46.19,168.86,73.0,48,99,13.0,overcast clouds
13,Deputatskiy,RU,69.3,139.9,7.39,92,100,2.48,overcast clouds
14,Saint-Philippe,RE,-21.36,55.77,71.6,68,40,3.36,scattered clouds
15,Piranhas,BR,-16.43,-51.82,75.65,81,100,4.43,heavy intensity rain
16,Boyolangu,ID,-8.12,111.89,81.64,72,24,4.7,few clouds
17,Iranshahr,IR,27.2,60.68,62.6,18,0,3.91,clear sky
18,Guerrero Negro,MX,27.98,-114.06,68.2,76,0,13.73,clear sky
19,Tasiilaq,GL,65.61,-37.64,33.8,59,100,11.41,overcast clouds
20,Ulladulla,AU,-35.35,150.47,78.01,61,100,6.93,moderate rain
21,Chimbote,PE,-9.09,-78.58,61.79,86,67,4.68,broken clouds
22,Lorengau,PG,-2.02,147.27,85.73,61,90,6.04,overcast clouds
23,Hobart,AU,-42.88,147.33,62.01,62,75,12.75,shower rain
24,Bluff,NZ,-46.6,168.33,73.0,48,100,13.0,overcast clouds
25,Norman Wells,CA,65.28,-126.83,28.4,100,75,2.24,broken clouds
26,Vaini,TO,-21.2,-175.2,77.0,78,75,9.17,broken clouds
27,Cape Town,ZA,-33.93,18.42,62.01,93,90,6.93,mist
28,Matara,LK,5.95,80.54,77.72,87,77,8.77,light rain
29,Dzaoudzi,YT,-12.79,45.27,78.8,78,0,3.36,clear sky
30,Ratne,UA,51.67,24.53,50.61,85,100,6.87,overcast clouds
31,Rawson,AR,-43.3,-65.1,71.91,43,100,27.02,overcast clouds
32,Hithadhoo,MV,-0.6,73.08,82.42,78,12,10.87,few clouds
33,Ostrovnoy,RU,68.05,39.51,29.25,97,100,7.14,overcast clouds
34,Busselton,AU,-33.65,115.33,68.0,33,0,10.31,clear sky
35,Punta Arenas,CL,-53.15,-70.92,44.6,75,75,5.82,broken clouds
36,Constitucion,CL,-35.33,-72.42,50.29,82,0,10.25,clear sky
37,Bredasdorp,ZA,-34.53,20.04,66.2,93,62,2.24,broken clouds
38,New Norfolk,AU,-42.78,147.06,62.01,56,99,5.01,overcast clouds
39,Nyurba,RU,63.28,118.33,24.48,95,2,6.98,clear sky
40,Horn Lake,US,34.96,-90.03,73.4,69,90,14.99,overcast clouds
41,Hilo,US,19.73,-155.09,87.8,55,20,12.75,few clouds
42,Sao Joao Da Barra,BR,-21.64,-41.05,73.11,80,100,13.91,overcast clouds
43,Kieta,PG,-6.22,155.63,83.77,72,97,3.6,moderate rain
44,Kavieng,PG,-2.57,150.8,84.61,62,84,3.98,broken clouds
45,Albany,US,42.6,-73.97,64.99,82,4,6.67,clear sky
46,Buin,CL,-33.73,-70.75,66.99,55,0,10.29,clear sky
47,Kodinsk,RU,58.69,99.18,31.91,97,73,4.85,broken clouds
48,Santa Isabel Do Rio Negro,BR,-0.41,-65.02,74.97,94,100,1.72,moderate rain
49,Vila Franca Do Campo,PT,37.72,-25.43,66.2,77,20,16.11,few clouds
50,Slobodskoy,RU,58.73,50.18,35.85,97,100,8.34,overcast clouds
51,Canjulao,PH,9.66,124.35,80.13,80,100,4.27,overcast clouds
52,Grindavik,IS,63.84,-22.43,39.2,86,40,13.87,shower rain
53,Tiksi,RU,71.69,128.87,23.54,94,36,16.62,scattered clouds
54,East London,ZA,-33.02,27.91,69.8,76,79,7.87,broken clouds
55,Salalah,OM,17.02,54.09,71.6,37,0,3.36,clear sky
56,Castro,BR,-24.79,-50.01,61.83,96,100,8.28,overcast clouds
57,Coquimbo,CL,-29.95,-71.34,53.6,87,37,4.7,scattered clouds
58,Kindu,CD,-2.95,25.95,67.71,91,100,0.96,overcast clouds
59,Jamestown,US,42.1,-79.24,70.0,56,1,9.17,light rain
60,Cooma,AU,-36.23,149.13,60.8,100,75,6.93,light rain
61,Hermanus,ZA,-34.42,19.23,64.0,92,89,4.03,overcast clouds
62,Sitka,US,57.05,-135.33,42.8,28,1,8.05,clear sky
63,Cloquet,US,46.72,-92.46,30.2,80,90,6.93,light snow
64,Georgetown,MY,5.41,100.34,80.6,88,20,3.8,few clouds
65,Dukat,RU,62.55,155.55,31.84,94,0,5.95,clear sky
66,Paamiut,GL,61.99,-49.67,32.72,88,89,22.73,overcast clouds
67,Xining,CN,36.62,101.77,45.28,55,68,1.7,broken clouds
68,Udachnyy,RU,66.42,112.4,14.0,72,0,11.18,clear sky
69,Vila Velha,BR,-20.33,-40.29,69.8,94,90,3.36,light rain
70,Butaritari,KI,3.07,172.79,81.77,73,3,12.48,clear sky
71,Bonito,BR,-21.12,-56.48,70.54,93,97,2.1,overcast clouds
72,Saposoa,PE,-6.93,-76.77,72.45,87,27,2.89,moderate rain
73,Plettenberg Bay,ZA,-34.05,23.37,64.35,87,65,7.52,broken clouds
74,Aklavik,CA,68.22,-135.01,26.6,86,20,4.7,few clouds
75,Barrow,US,71.29,-156.79,28.4,92,90,8.05,fog
76,Sabzevar,IR,36.21,57.68,46.44,67,0,4.38,clear sky
77,Arraial Do Cabo,BR,-22.97,-42.03,73.4,78,40,13.87,scattered clouds
78,Bengkulu,ID,-3.8,102.27,77.77,86,100,3.36,heavy intensity rain
79,Hofn,IS,64.25,-15.21,43.02,92,100,10.33,light rain
80,Faanui,PF,-16.48,-151.75,79.12,71,100,7.58,overcast clouds
81,Hamilton,US,39.18,-84.53,66.99,90,74,7.78,broken clouds
82,Taltal,CL,-25.4,-70.48,57.69,74,21,3.09,few clouds
83,Bulaevo,KZ,54.91,70.44,22.64,91,0,8.61,clear sky
84,Nikolskoye,RU,59.7,30.79,37.4,81,75,8.95,broken clouds
85,Port Alfred,ZA,-33.59,26.89,68.45,89,99,17.76,overcast clouds
86,Hasaki,JP,35.73,140.83,63.0,77,75,8.05,shower rain
87,Itoman,JP,26.12,127.67,73.4,53,40,16.11,scattered clouds
88,Lethem,GY,3.38,-59.8,83.93,54,0,3.13,clear sky
89,Inhambane,MZ,-23.86,35.38,71.13,81,84,6.02,broken clouds
90,San Pedro De Macoris,DO,18.46,-69.3,82.99,78,20,4.7,few clouds
91,Jalu,LY,29.03,21.55,64.2,79,0,11.95,clear sky
92,Kuala Terengganu,MY,5.33,103.14,78.8,88,20,2.24,few clouds
93,Margate,GB,51.38,1.39,51.01,66,22,1.01,few clouds
94,Tandil,AR,-37.32,-59.13,56.08,95,0,5.3,clear sky
95,Albina,SR,5.5,-54.05,76.84,91,99,2.75,overcast clouds
96,Thompson,CA,55.74,-97.86,23.0,62,75,6.93,light snow
97,Fort-Shevchenko,KZ,44.51,50.26,58.53,84,95,13.29,overcast clouds
98,Carnarvon,AU,-24.87,113.63,73.4,64,0,18.34,clear sky
99,Mishan,CN,45.55,131.88,35.65,74,100,25.97,overcast clouds
100,Ponta Do Sol,PT,32.67,-17.1,66.2,63,40,5.82,scattered clouds
101,Pevek,RU,69.7,170.31,26.51,93,47,8.41,scattered clouds
102,Mar Del Plata,AR,-38.0,-57.56,59.0,100,75,5.82,broken clouds
103,Khatanga,RU,71.97,102.5,13.87,97,100,11.01,light snow
104,Ipora,BR,-16.44,-51.12,73.45,79,100,0.74,light rain
105,Mount Isa,AU,-20.73,139.5,82.4,54,90,9.17,overcast clouds
106,Avarua,CK,-21.21,-159.78,78.8,69,94,16.11,overcast clouds
107,Amparafaravola,MG,-17.58,48.22,58.21,91,13,5.03,few clouds
108,Aiquile,BO,-18.2,-65.18,66.02,68,87,2.39,overcast clouds
109,Calama,CL,-22.47,-68.93,60.8,21,0,6.93,clear sky
110,Coihaique,CL,-45.58,-72.07,51.8,71,90,5.82,light intensity shower rain
111,Babino,RU,56.23,43.62,48.2,93,40,8.95,scattered clouds
112,Kodiak,US,57.79,-152.41,46.4,93,90,19.46,moderate rain
113,Diamantino,BR,-14.41,-56.45,75.85,78,99,5.77,moderate rain
114,Lopandino,RU,52.47,34.82,47.7,95,81,6.49,broken clouds
115,Tura,IN,25.52,90.22,70.18,99,100,4.27,overcast clouds
116,Tuktoyaktuk,CA,69.45,-133.04,24.8,92,90,6.93,light snow
117,Kapaa,US,22.08,-159.32,82.0,78,90,12.75,overcast clouds
118,Tekirdag,TR,40.98,27.51,53.6,93,0,2.24,clear sky
119,Fortuna,US,40.6,-124.16,57.2,50,1,11.41,clear sky
120,Alihe,CN,50.57,123.72,34.41,79,0,4.38,clear sky
121,Novochernorechenskiy,RU,56.27,91.08,29.77,93,0,6.02,clear sky
122,Lebu,CL,-37.62,-73.65,50.85,88,100,3.98,overcast clouds
123,Ribeira Grande,PT,38.52,-28.7,66.65,79,29,21.23,scattered clouds
124,Stephenville,US,32.22,-98.2,48.99,76,90,14.99,overcast clouds
125,Qena,EG,26.16,32.72,73.4,40,0,3.36,clear sky
126,Sohbatpur,PK,28.52,68.54,64.26,25,0,3.76,clear sky
127,Lompoc,US,34.64,-120.46,64.4,72,1,9.17,clear sky
128,Trairi,BR,-3.28,-39.27,79.29,81,25,11.54,scattered clouds
129,Shubarshi,KZ,48.59,57.19,38.08,71,100,17.2,overcast clouds
130,Qaanaaq,GL,77.48,-69.36,18.43,92,94,7.49,overcast clouds
131,Tilichiki,RU,60.47,166.1,36.12,82,0,7.92,clear sky
132,Antsohihy,MG,-14.88,47.99,73.04,60,0,8.75,clear sky
133,Sept-Iles,CA,50.2,-66.38,35.01,100,90,16.11,moderate rain
134,Alakurtti,RU,66.97,30.35,25.0,93,99,3.31,overcast clouds
135,Shingu,JP,33.73,135.98,62.6,67,20,10.29,few clouds
136,Adrar,MR,20.5,-10.07,86.36,14,59,6.64,broken clouds
137,Saldanha,ZA,-33.01,17.94,60.8,82,9,3.36,clear sky
138,Te Anau,NZ,-45.42,167.72,60.37,61,100,10.83,overcast clouds
139,Kigorobya,UG,1.62,31.31,65.66,88,0,1.77,clear sky
140,Mount Gambier,AU,-37.83,140.77,57.2,47,75,21.92,broken clouds
141,Araceli,PH,10.55,119.99,79.02,88,100,9.35,heavy intensity rain
142,South Lake Tahoe,US,38.93,-119.98,62.6,29,1,8.05,clear sky
143,Srednekolymsk,RU,67.45,153.68,21.6,92,0,3.71,clear sky
144,Tashtagol,RU,52.77,87.89,32.2,96,100,2.33,overcast clouds
145,Dikson,RU,73.51,80.55,23.52,92,100,13.78,overcast clouds
146,Kysyl-Syr,RU,63.9,122.76,25.32,95,100,8.1,overcast clouds
147,Abu Samrah,SY,35.3,37.18,65.25,28,0,5.21,clear sky
148,Iquitos,PE,-3.75,-73.25,71.6,94,75,3.36,light rain
149,Jaru,BR,-10.44,-62.47,74.75,71,98,2.93,light rain
150,Belgrade,RS,44.8,20.47,50.0,93,100,2.24,mist
151,Bria,CF,6.54,21.99,70.99,92,100,1.28,overcast clouds
152,Samarai,PG,-10.62,150.67,83.21,75,70,7.81,broken clouds
153,Heishan,CN,41.69,122.11,46.76,48,0,4.81,clear sky
154,Bar Harbor,US,44.39,-68.2,54.0,93,90,10.29,overcast clouds
155,Usinsk,RU,65.99,57.53,18.36,93,73,10.74,broken clouds
156,Lagoa,PT,39.05,-27.98,66.74,81,23,24.74,few clouds
157,Port Lincoln,AU,-34.73,135.87,54.91,63,100,19.98,overcast clouds
158,Fiche,ET,9.8,38.73,45.79,62,100,1.97,overcast clouds
159,Tezu,IN,27.92,96.17,69.66,86,100,2.95,overcast clouds
160,Obo,CF,5.4,26.49,68.34,95,94,1.07,overcast clouds
161,Portland,US,45.52,-122.68,55.0,62,90,9.17,overcast clouds
162,San-Pedro,CI,4.75,-6.64,76.08,93,100,3.76,overcast clouds
163,Alta Floresta,BR,-9.88,-56.09,72.16,94,100,3.83,light rain
164,Ludvika,SE,60.15,15.19,30.2,92,100,3.36,overcast clouds
165,Vao,NC,-22.67,167.48,73.92,86,4,16.58,clear sky
166,Qandala,SO,11.47,49.87,79.18,49,100,4.38,overcast clouds
167,Burnie,AU,-41.07,145.92,57.79,54,100,12.3,overcast clouds
168,Satipo,PE,-11.25,-74.64,75.25,64,94,2.08,overcast clouds
169,Scarborough,GB,54.28,-0.4,43.0,87,47,3.0,scattered clouds
170,Pashiya,RU,58.43,58.26,22.28,94,100,9.46,overcast clouds
171,Puerto Carreno,CO,6.19,-67.49,75.69,93,100,7.7,heavy intensity rain
172,Ahipara,NZ,-35.17,173.17,69.55,66,21,7.63,few clouds
173,Nanortalik,GL,60.14,-45.24,34.14,89,100,3.38,overcast clouds
174,Severo-Kurilsk,RU,50.68,156.12,43.56,85,100,36.13,moderate rain
175,Yellowknife,CA,62.46,-114.35,23.0,67,20,4.7,few clouds
176,Briancon,FR,44.9,6.65,51.01,93,63,1.88,broken clouds
177,Saskylakh,RU,71.92,114.08,17.44,96,100,5.59,light snow
178,Mitu,CO,1.2,-70.17,73.09,95,100,1.41,overcast clouds
179,Longyearbyen,SJ,78.22,15.64,21.2,79,75,5.82,broken clouds
180,Bay Roberts,CA,47.6,-53.26,37.99,94,0,4.03,clear sky
181,Manado,ID,1.49,124.85,87.8,62,20,3.36,few clouds
182,Anadyr,RU,64.75,177.48,24.8,100,40,2.24,fog
183,Ilulissat,GL,69.22,-51.1,21.2,62,95,5.82,overcast clouds
184,Port Elizabeth,ZA,-33.92,25.57,68.0,94,90,19.46,overcast clouds
185,Cidreira,BR,-30.18,-50.21,67.95,93,100,15.35,overcast clouds
186,Luwuk,ID,-0.95,122.79,86.05,64,10,3.74,clear sky
187,Kolokani,ML,13.57,-8.03,79.02,31,0,3.8,clear sky
188,Port Keats,AU,-14.25,129.55,88.5,60,0,10.09,clear sky
189,Ozinki,RU,51.18,49.68,50.25,91,100,11.68,light rain
190,Broken Hill,AU,-31.95,141.43,53.6,93,90,29.97,overcast clouds
191,Jiwani,PK,25.05,61.74,76.01,31,0,20.29,clear sky
192,Hoi An,VN,15.88,108.33,75.2,73,75,2.24,broken clouds
193,Hailey,US,43.52,-114.32,44.6,19,5,5.82,clear sky
194,Maloy,NO,61.94,5.11,44.01,81,100,16.11,light rain
195,Lang Son,VN,21.83,106.73,66.69,65,82,4.74,broken clouds
196,Touros,BR,-5.2,-35.46,77.0,94,75,10.29,broken clouds
197,Pedro Carbo,EC,-1.83,-80.23,78.8,69,20,13.87,few clouds
198,Wanning,CN,18.8,110.4,71.4,73,100,17.69,overcast clouds
199,Balsas,BR,-7.53,-46.04,79.74,67,60,3.49,broken clouds
200,Chapada Dos Guimaraes,BR,-15.46,-55.75,84.2,58,0,3.36,clear sky
201,Kaitangata,NZ,-46.28,169.85,66.99,58,3,4.9,clear sky
202,Qasigiannguit,GL,68.82,-51.19,21.2,62,93,5.82,overcast clouds
203,Bud,US,39.45,-86.18,46.99,100,100,11.41,overcast clouds
204,Port-Cartier,CA,50.03,-66.87,35.01,100,90,16.11,overcast clouds
205,Zyryanka,RU,65.75,150.85,24.13,94,0,5.55,clear sky
206,Reconquista,AR,-29.15,-59.65,70.57,94,100,10.42,overcast clouds
207,Benguela,AO,-12.58,13.41,74.52,80,77,5.32,broken clouds
208,Torbay,CA,47.67,-52.73,39.2,86,75,3.65,broken clouds
209,Haicheng,CN,40.85,122.75,45.48,51,0,4.88,clear sky
210,Vestmannaeyjar,IS,63.44,-20.27,43.93,74,98,17.63,overcast clouds
211,Vagur,FO,61.47,-6.81,48.22,76,100,17.31,overcast clouds
212,Bargarh,IN,21.33,83.62,70.39,76,74,3.04,broken clouds
213,Cherskiy,RU,68.75,161.3,19.56,95,0,4.52,clear sky
214,Havoysund,NO,71.0,24.66,37.4,86,75,35.57,light rain
215,Bagaha,IN,27.1,84.08,69.73,85,0,5.14,clear sky
216,Lavrentiya,RU,65.58,-171.0,34.79,84,100,0.83,overcast clouds
217,Kurchum,KZ,48.57,83.65,39.06,76,100,7.78,overcast clouds
218,Chokurdakh,RU,70.63,147.92,10.29,91,98,7.34,overcast clouds
219,Zhigansk,RU,66.77,123.37,15.71,94,0,14.61,clear sky
220,Mayo,US,38.89,-76.51,66.99,88,1,10.29,clear sky
221,Sao Filipe,CV,14.9,-24.5,80.31,77,83,11.99,broken clouds
222,Cartagena,CO,10.4,-75.51,84.2,100,75,5.82,broken clouds
223,Nelson Bay,AU,-32.72,152.15,73.0,88,90,10.29,light intensity shower rain
224,Victoria,HK,22.29,114.16,73.99,48,100,15.64,light rain
225,Ust-Ilimsk,RU,58.0,102.66,30.51,97,42,4.47,scattered clouds
226,Serrinha,BR,-11.66,-39.01,70.77,86,0,12.08,clear sky
227,Alice Springs,AU,-23.7,133.88,69.8,52,40,9.17,scattered clouds
228,Kavaratti,IN,10.57,72.64,80.33,77,74,12.03,broken clouds
229,Marsh Harbour,BS,26.54,-77.06,79.43,76,0,15.99,clear sky
230,Gornopravdinsk,RU,60.05,69.9,16.45,97,0,4.18,clear sky
231,Zhanaozen,KZ,43.3,52.8,47.16,57,0,9.1,clear sky
232,Khandyga,RU,62.67,135.6,15.98,89,54,1.28,broken clouds
233,Chauk,MM,20.88,94.82,77.09,85,69,15.75,broken clouds
234,Veinticinco De Mayo,AR,-35.43,-60.17,64.99,94,42,1.99,scattered clouds
235,Vigrestad,NO,58.57,5.7,45.0,97,100,8.84,overcast clouds
236,Hukuntsi,BW,-24.0,21.75,75.7,20,0,9.55,clear sky
237,Sompeta,IN,18.93,84.6,78.15,70,21,3.22,few clouds
238,Dawei,MM,14.08,98.2,76.84,82,29,3.96,scattered clouds
239,Phulji,PK,26.88,67.68,70.29,21,0,5.84,clear sky
240,Upernavik,GL,72.79,-56.15,21.67,91,100,6.53,overcast clouds
241,Hailar,CN,49.2,119.7,30.83,92,0,5.01,clear sky
242,Caravelas,BR,-17.71,-39.25,72.93,90,83,7.11,broken clouds
243,Taksimo,RU,56.34,114.88,25.59,90,10,0.58,clear sky
244,Quatre Cocos,MU,-20.21,57.76,73.4,73,40,9.17,scattered clouds
245,Perth,AU,-31.93,115.83,70.0,52,0,17.22,clear sky
246,Bambous Virieux,MU,-20.34,57.76,73.4,73,40,9.17,scattered clouds
247,Port Hardy,CA,50.7,-127.42,44.6,93,90,8.05,light intensity shower rain
248,Bucerias,MX,20.75,-105.33,87.8,74,40,10.29,scattered clouds
249,Gazli,UZ,40.13,63.45,44.35,57,97,8.19,overcast clouds
250,Itarema,BR,-2.92,-39.92,79.52,80,21,16.15,few clouds
251,Beringovskiy,RU,63.05,179.32,33.75,90,100,22.66,overcast clouds
252,Monrovia,LR,6.3,-10.8,78.51,86,62,7.29,light rain
253,Ust-Kuyga,RU,70.02,135.6,16.5,88,38,13.2,scattered clouds
254,Tabuk,PH,17.42,121.44,80.8,78,100,1.7,overcast clouds
255,Qinzhou,CN,21.95,108.62,67.69,63,100,10.51,overcast clouds
256,Mazyr,BY,52.05,29.25,51.15,93,100,5.21,overcast clouds
257,Bonavista,CA,48.65,-53.11,39.0,88,20,1.99,few clouds
258,Belmonte,BR,-15.86,-38.88,71.6,94,90,4.7,overcast clouds
259,Komsomolskiy,UZ,40.43,71.72,41.0,62,100,1.48,overcast clouds
260,Analipsis,GR,35.32,25.57,70.0,93,40,3.36,scattered clouds
261,Orapa,BW,-21.28,25.37,74.98,37,0,7.54,clear sky
262,Lakatoro,VU,-16.1,167.42,82.4,74,75,8.05,heavy intensity rain
263,Mehamn,NO,71.04,27.85,37.22,93,100,28.25,light rain
264,Maloyaroslavets,RU,55.01,36.47,52.0,82,1,8.01,clear sky
265,Ucluelet,CA,48.93,-125.55,48.99,76,90,6.93,overcast clouds
266,Tual,ID,-5.67,132.75,82.47,77,15,8.01,few clouds
267,Geraldton,AU,-28.77,114.6,77.0,25,0,9.17,clear sky
268,Kukushtan,RU,57.65,56.5,24.8,92,90,13.42,snow
269,San Policarpo,PH,12.18,125.51,84.02,72,82,3.87,broken clouds
270,Jega,NG,12.22,4.38,78.64,21,85,5.88,overcast clouds
271,Coahuayana,MX,18.73,-103.68,78.8,83,75,11.41,broken clouds
272,Porto Novo,BJ,6.5,2.6,77.27,89,77,5.64,broken clouds
273,Chau Doc,VN,10.7,105.12,80.19,74,81,5.79,broken clouds
274,San Andres,CO,12.58,-81.7,80.6,88,20,2.24,few clouds
275,Chara,RU,56.91,118.26,28.89,90,93,0.72,overcast clouds
276,Ejea De Los Caballeros,ES,42.13,-1.14,44.6,87,0,4.05,clear sky
277,Petropavl,KZ,54.88,69.16,21.2,85,90,6.71,overcast clouds
278,Ceres,US,37.59,-120.96,77.0,22,1,9.17,clear sky
279,Chuy,UY,-33.7,-53.46,61.86,98,32,5.32,scattered clouds
280,Codrington,AU,-38.27,141.97,53.65,69,69,18.63,broken clouds
281,Airai,TL,-8.93,125.41,75.85,65,7,1.83,clear sky
282,Tahoua,NE,14.89,5.27,80.6,19,0,4.7,clear sky
283,Muravlenko,RU,63.79,74.52,10.89,96,52,7.67,broken clouds
284,Biscarrosse,FR,44.39,-1.17,55.4,87,20,4.7,few clouds
285,Bogorodskoye,RU,56.55,37.88,47.44,87,89,13.38,overcast clouds
286,Nishihara,JP,26.18,127.76,73.4,46,75,11.41,broken clouds
287,Debre Tabor,ET,11.85,38.02,50.23,84,83,3.15,broken clouds
288,Skjervoy,NO,70.03,20.97,39.07,89,100,26.06,light rain
289,Ponta Delgada,PT,37.73,-25.67,66.2,77,20,16.11,few clouds
290,Katsuura,JP,35.13,140.3,68.0,55,75,12.75,broken clouds
291,San Jose,US,37.34,-121.89,69.8,56,20,11.41,few clouds
292,Birobidzhan,RU,48.8,132.95,36.72,82,100,13.8,light rain
293,Carauari,BR,-4.88,-66.9,74.86,95,64,1.57,broken clouds
294,Zharkent,KZ,44.16,80.0,39.85,78,65,3.76,broken clouds
295,Verkhnetulomskiy,RU,68.61,31.8,30.2,100,75,3.53,broken clouds
296,Kholodnyy,RU,62.72,147.95,24.67,92,99,1.83,overcast clouds
297,Los Llanos De Aridane,ES,28.66,-17.92,68.0,68,40,9.17,scattered clouds
298,Bethel,US,41.37,-73.41,61.0,97,95,1.01,overcast clouds
299,Marawi,PH,8.0,124.29,82.99,76,47,1.99,scattered clouds
300,Letka,RU,59.6,49.42,36.23,95,100,9.28,light rain
301,Puerto Escondido,MX,15.85,-97.07,84.2,66,75,8.05,broken clouds
302,Jodhpur,IN,26.29,73.03,72.77,26,0,2.06,clear sky
303,Khash,IR,28.22,61.22,44.56,50,0,6.02,clear sky
304,Waipawa,NZ,-41.41,175.52,66.2,63,0,19.46,clear sky
305,Werda,BW,-25.27,23.28,79.12,24,5,5.68,clear sky
306,Huayucachi,PE,-12.13,-75.23,53.98,63,100,7.83,light rain
307,Wilmington,US,34.23,-77.94,71.01,83,1,3.53,clear sky
308,Ust-Omchug,RU,61.15,149.63,33.3,93,100,2.28,overcast clouds
309,Olafsvik,IS,64.89,-23.71,42.94,76,22,13.87,few clouds
310,Gobabis,NA,-22.45,18.97,70.66,23,61,14.85,broken clouds
311,Saint George,US,37.1,-113.58,73.4,17,1,2.17,clear sky
312,Saint-Augustin,CA,51.23,-58.65,34.27,83,84,0.18,broken clouds
313,Hastings,GB,50.86,0.57,53.01,92,66,15.97,broken clouds
314,Buala,SB,-8.14,159.59,87.03,63,52,5.82,broken clouds
315,Jaltenango,MX,15.87,-92.72,72.73,85,100,1.81,moderate rain
316,Ukiah,US,39.15,-123.21,77.0,31,1,6.93,clear sky
317,Ritchie,ZA,-29.04,24.6,78.8,36,84,17.22,broken clouds
318,Hirara,JP,24.8,125.28,75.2,60,75,12.75,broken clouds
319,Evensk,RU,61.95,159.23,33.75,88,52,3.47,broken clouds
320,Huangpi,CN,30.88,114.38,57.2,62,96,6.71,overcast clouds
321,San Jose De Comayagua,HN,14.73,-88.03,72.73,86,100,2.06,overcast clouds
322,Sampit,ID,-2.53,112.95,82.15,84,100,1.86,overcast clouds
323,Buckeye,US,33.37,-112.58,89.6,25,1,4.41,clear sky
324,Imeni Zhelyabova,RU,58.95,36.6,45.01,85,70,12.39,broken clouds
325,Hendaye,FR,43.37,-1.77,55.4,87,0,6.93,clear sky
326,Rantauprapat,ID,2.1,99.83,78.33,87,100,1.57,overcast clouds
327,Prado,BR,-17.34,-39.22,73.4,89,74,5.66,broken clouds
328,Malartic,CA,48.13,-78.13,35.6,100,90,9.17,mist
329,Mokhsogollokh,RU,61.47,128.92,20.03,92,95,4.43,overcast clouds
330,Morant Bay,JM,17.88,-76.41,75.2,94,90,8.05,shower rain
331,Souillac,MU,-20.52,57.52,73.4,73,40,9.17,scattered clouds
332,Manaure,CO,11.78,-72.44,84.61,73,100,14.79,overcast clouds
333,Hostotipaquillo,MX,21.07,-104.07,73.99,75,100,5.99,overcast clouds
334,Brecht,BE,51.35,4.63,55.99,90,6,5.99,clear sky
335,Port Hedland,AU,-20.32,118.57,84.2,54,0,11.41,clear sky
336,Mercedes,AR,-34.65,-59.43,66.99,92,76,4.0,broken clouds
337,Severo-Yeniseyskiy,RU,60.37,93.04,21.94,99,78,5.06,broken clouds
338,Kidal,ML,18.44,1.41,81.99,16,0,11.83,clear sky
339,Klaksvik,FO,62.23,-6.59,44.6,93,100,9.17,overcast clouds
340,Sisimiut,GL,66.94,-53.67,22.82,89,44,6.67,scattered clouds
341,Coffeyville,US,37.04,-95.62,44.6,65,90,11.41,overcast clouds
342,Niigata,JP,37.9,139.02,53.6,87,75,10.29,broken clouds
343,Vilyuysk,RU,63.76,121.62,24.22,96,100,6.82,overcast clouds
344,Kahului,US,20.89,-156.47,87.8,55,40,12.75,scattered clouds
345,Vardo,NO,70.37,31.11,37.47,96,100,25.28,overcast clouds
346,Bereda,ES,43.27,-7.54,52.0,86,97,8.99,overcast clouds
347,Chapais,CA,49.78,-74.85,33.8,100,90,11.41,light rain
348,Halifax,CA,44.65,-63.57,51.01,89,100,3.0,overcast clouds
349,Lodja,CD,-3.48,23.43,68.36,97,26,1.48,scattered clouds
350,Madison,US,34.73,-86.57,70.0,94,1,3.04,clear sky
351,Dodge City,US,37.75,-100.02,37.4,51,1,12.75,clear sky
352,Cap Malheureux,MU,-19.98,57.61,73.4,73,40,9.17,scattered clouds
353,Sturgis,US,41.8,-85.42,46.4,87,90,13.87,overcast clouds
354,Antofagasta,CL,-23.65,-70.4,57.2,87,90,11.41,overcast clouds
355,Kamiiso,JP,41.82,140.65,51.8,50,75,25.28,broken clouds
356,Madingou,CG,-4.15,13.55,75.97,84,100,4.12,light rain
357,Oranjemund,NA,-28.55,16.43,57.92,86,0,4.29,clear sky
358,Salinas,US,36.68,-121.66,69.8,56,1,12.75,clear sky
359,Mazagao,BR,-0.12,-51.29,84.2,74,0,12.75,clear sky
360,Palmer,US,42.16,-72.33,64.4,77,90,6.93,overcast clouds
361,Lhokseumawe,ID,5.18,97.15,80.69,78,22,3.09,light rain
362,Tuatapere,NZ,-46.13,167.68,73.0,48,100,13.0,overcast clouds
363,Sigiriya,LK,7.95,80.74,75.6,82,81,10.11,broken clouds
364,Kaseda,JP,31.42,130.32,57.2,71,40,10.29,scattered clouds
365,Acapulco,MX,16.86,-99.89,84.2,79,75,4.7,broken clouds
366,Poum,NC,-20.23,164.02,78.51,75,0,13.04,clear sky
367,Kisangani,CD,0.52,25.2,69.04,93,56,0.92,broken clouds
368,Baturaja,ID,-4.13,104.17,77.45,90,100,1.7,overcast clouds
369,Bakchar,RU,57.02,82.07,27.86,96,100,5.5,overcast clouds
370,Sur,OM,22.57,59.53,77.79,62,0,13.6,clear sky
371,Troitskoye,RU,52.98,84.68,31.05,94,100,7.47,overcast clouds
372,Qui Nhon,VN,13.77,109.23,75.63,73,100,5.37,overcast clouds
373,Aginskoye,RU,51.1,114.53,33.33,85,0,2.24,clear sky
374,Lodwar,KE,3.12,35.6,86.88,41,60,10.65,broken clouds
375,Koratla,IN,18.82,78.72,71.1,75,74,1.81,broken clouds
376,Fuerte Olimpo,PY,-21.04,-57.87,72.91,94,61,4.59,broken clouds
377,Mayumba,GA,-3.43,10.66,76.59,86,100,6.87,light rain
378,Leningradskiy,RU,69.38,178.42,23.47,91,0,4.09,clear sky
379,Yemtsa,RU,63.07,40.33,34.05,98,100,1.34,light rain
380,Oistins,BB,13.07,-59.53,84.2,70,40,26.4,scattered clouds
381,Santo Antonio Do Ica,BR,-3.1,-67.94,74.64,97,100,0.74,overcast clouds
382,Holme,DK,56.11,10.17,53.6,93,79,4.7,broken clouds
383,Kamaishi,JP,39.27,141.88,51.8,81,75,3.36,broken clouds
384,Zlobin,HR,45.29,14.65,64.0,82,75,5.82,broken clouds
385,Aitape,PG,-3.14,142.35,86.54,61,41,3.06,scattered clouds
386,Rorvik,NO,64.86,11.24,42.96,64,93,1.95,overcast clouds
387,Taoudenni,ML,22.68,-3.98,85.05,13,97,7.78,overcast clouds
388,Atambua,ID,-9.11,124.89,87.1,57,29,2.55,scattered clouds
389,Svatove,UA,49.41,38.15,57.42,84,100,9.69,light rain
390,Ambilobe,MG,-13.2,49.05,68.54,76,0,5.28,clear sky
391,Bilibino,RU,68.05,166.44,19.36,89,0,0.94,clear sky
392,Banda Aceh,ID,5.56,95.32,83.05,69,67,7.02,moderate rain
393,Zvornik,BA,44.39,19.1,44.6,100,100,2.24,mist
394,Sibolga,ID,1.74,98.78,79.95,77,100,2.95,moderate rain
395,Sunland Park,US,31.8,-106.58,71.6,26,1,16.11,clear sky
396,Kruisfontein,ZA,-34.0,24.73,66.99,87,44,7.45,scattered clouds
397,Bathsheba,BB,13.22,-59.52,84.2,70,40,26.4,scattered clouds
398,Narsaq,GL,60.92,-46.05,26.6,79,97,2.24,overcast clouds
399,Okitipupa,NG,6.5,4.78,74.32,97,100,1.61,overcast clouds
400,Lima,PE,-12.04,-77.03,63.0,82,75,8.05,broken clouds
401,Ankazobe,MG,-18.32,47.12,57.2,87,20,8.05,few clouds
402,Pascagoula,US,30.37,-88.56,78.8,83,1,6.93,clear sky
403,Yulara,AU,-25.24,130.99,66.2,52,75,11.41,broken clouds
404,Ancud,CL,-41.87,-73.82,51.01,93,90,8.05,overcast clouds
405,Simao,CN,22.79,100.97,64.47,61,100,0.76,overcast clouds
406,Tulum,MX,20.22,-87.47,82.4,83,75,3.36,broken clouds
407,Sabha,LY,27.04,14.43,62.38,37,0,9.22,clear sky
408,Ramhormoz,IR,31.28,49.6,64.15,35,0,3.06,clear sky
409,Roald,NO,62.58,6.13,42.8,56,100,12.75,overcast clouds
410,Pozo Colorado,PY,-23.49,-58.8,77.05,80,3,4.94,clear sky
411,Abu Kamal,SY,34.45,40.92,65.52,33,100,5.06,overcast clouds
412,Yelizovo,RU,53.19,158.38,39.2,80,75,2.24,broken clouds
413,Dabat,ET,12.98,37.77,53.04,77,43,0.45,scattered clouds
414,Bayir,TR,37.27,28.22,57.2,82,0,3.36,clear sky
415,Maniitsoq,GL,65.42,-52.9,27.07,84,0,5.39,clear sky
416,Okhotsk,RU,59.38,143.3,39.97,93,100,14.79,light rain
417,Henties Bay,NA,-22.12,14.28,60.01,88,7,5.57,clear sky
418,Coffs Harbour,AU,-30.3,153.13,73.4,73,90,10.29,overcast clouds
419,Zuenoula,CI,7.43,-6.04,71.22,95,0,3.36,clear sky
420,Athens,GR,37.98,23.72,66.0,62,0,3.56,clear sky
421,Ossora,RU,59.24,163.07,42.55,63,0,0.78,clear sky
422,Robertsport,LR,6.75,-11.37,79.32,83,100,5.93,moderate rain
423,Mount Pleasant,US,32.79,-79.86,73.0,100,1,8.48,clear sky
424,Adre,TD,13.47,22.2,74.32,20,50,10.51,scattered clouds
425,Goderich,CA,43.75,-81.72,51.01,88,100,22.66,overcast clouds
426,Bosaso,SO,11.28,49.18,78.03,57,100,3.11,overcast clouds
427,Nyagan,RU,62.14,65.39,20.28,96,0,4.47,clear sky
428,Darnah,LY,32.77,22.64,69.96,77,0,15.64,clear sky
429,Baihar,IN,22.1,80.55,64.4,62,0,1.68,clear sky
430,Semey,KZ,50.41,80.23,28.4,92,0,8.95,clear sky
431,Luderitz,NA,-26.65,15.16,58.59,81,0,7.49,clear sky
432,Comodoro Rivadavia,AR,-45.87,-67.5,60.8,51,0,4.7,clear sky
433,Kassala,SD,15.45,36.4,82.89,42,4,3.38,clear sky
434,Isangel,VU,-19.55,169.27,80.6,78,90,5.82,overcast clouds
435,Axim,GH,4.87,-2.24,76.91,89,52,4.83,light rain
436,Bambanglipuro,ID,-7.95,110.28,83.03,71,32,6.93,scattered clouds
437,Norsup,VU,-16.07,167.38,82.4,74,75,8.05,heavy intensity rain
438,Pasewalk,DE,53.51,13.99,52.0,91,1,6.02,clear sky
439,Rajgarh,IN,28.63,75.38,66.33,27,0,1.07,clear sky
440,Petauke,ZM,-14.24,31.33,69.15,44,100,4.25,overcast clouds
441,Gladstone,AU,-23.85,151.25,78.8,65,75,12.75,light rain
442,Frauenfeld,CH,47.56,8.9,53.01,93,75,4.05,light intensity shower rain
443,Bac Lieu,VN,9.29,105.72,78.24,84,100,1.81,overcast clouds
444,Boituva,BR,-23.28,-47.67,73.4,64,0,11.41,clear sky
445,Bahia Honda,CU,22.9,-83.16,78.89,86,65,13.89,broken clouds
446,Ketrzyn,PL,54.08,21.38,50.31,92,100,1.99,overcast clouds
447,Bubaque,GW,11.28,-15.83,83.95,73,56,6.91,broken clouds
448,Loandjili,CG,-4.76,11.86,78.8,88,75,9.17,broken clouds
449,Marabba,SD,12.35,32.18,82.4,57,13,7.9,few clouds
450,Uige,AO,-7.61,15.06,69.4,96,100,1.66,overcast clouds
451,Alofi,NU,-19.06,-169.92,77.0,94,75,14.99,light intensity drizzle
452,Bull Savanna,JM,17.89,-77.59,74.59,91,100,10.38,overcast clouds
453,Suntar,RU,62.14,117.63,27.23,94,46,4.92,scattered clouds
454,Vanimo,PG,-2.67,141.3,83.28,77,77,4.97,light rain
455,Havelock,US,34.88,-76.9,71.01,83,90,3.36,overcast clouds
456,Kloulklubed,PW,7.04,134.26,84.2,74,75,14.07,broken clouds
457,Sorland,NO,67.67,12.69,43.56,71,33,15.21,scattered clouds
458,Jiangyou,CN,31.77,104.72,62.2,70,100,4.34,overcast clouds
459,Iqaluit,CA,63.75,-68.51,26.6,79,75,4.7,light snow
460,Mayang Imphal,IN,24.62,93.88,64.4,93,75,4.25,light rain
461,Asfi,MA,32.3,-9.24,64.71,73,0,11.52,clear sky
462,Korla,CN,41.76,86.15,46.76,45,100,3.33,overcast clouds
463,Port Blair,IN,11.67,92.75,81.82,82,13,5.5,light rain
464,Tigil,RU,57.8,158.67,40.87,68,93,4.25,overcast clouds
465,Conde,BR,-7.26,-34.91,77.0,88,20,8.05,few clouds
466,Talaya,RU,61.38,152.75,35.55,84,73,3.33,broken clouds
467,Santa Rosa,PH,14.31,121.11,84.0,88,40,3.36,scattered clouds
468,Fare,PF,-16.7,-151.02,79.95,69,100,9.17,overcast clouds
469,Asau,RO,46.43,26.4,54.0,100,0,2.24,light rain
470,Shieli,KZ,44.17,66.75,33.06,79,100,3.31,overcast clouds
471,Noumea,NC,-22.28,166.46,91.4,43,0,13.87,clear sky
472,Provideniya,RU,64.38,-173.3,34.3,88,100,11.92,overcast clouds
473,Manokwari,ID,-0.87,134.08,84.42,69,42,13.62,scattered clouds
474,Sterlibashevo,RU,53.44,55.26,39.4,94,100,17.74,light rain
475,Muborak,UZ,39.26,65.15,45.18,54,58,7.16,broken clouds
476,Nome,US,64.5,-165.41,33.8,86,90,11.41,light rain
477,Remanso,BR,-9.62,-42.08,82.45,39,0,6.06,clear sky
478,Shache,CN,38.42,77.24,44.19,52,0,9.89,clear sky
479,College,US,64.86,-147.8,27.0,53,100,2.75,overcast clouds
480,Hurghada,EG,27.26,33.81,77.0,27,0,8.05,clear sky
481,Capitao Poco,BR,-1.75,-47.06,75.02,83,0,8.05,clear sky
482,Kapuskasing,CA,49.42,-82.43,28.4,92,90,12.75,snow
483,Isla Mujeres,MX,21.23,-86.73,82.4,83,75,3.36,broken clouds
484,Irbeyskoye,RU,55.64,95.45,33.49,93,100,2.75,overcast clouds
485,Diffa,NE,13.32,12.61,80.53,30,20,9.66,few clouds
486,Casablanca,MA,33.59,-7.62,66.0,100,0,3.36,clear sky
487,Phonhong,LA,18.5,102.42,68.0,100,75,1.52,broken clouds
488,Verkhoyansk,RU,67.54,133.38,20.97,88,98,9.1,overcast clouds
489,Baykit,RU,61.67,96.37,28.15,96,100,1.01,overcast clouds
490,Affery,CI,6.32,-3.96,72.32,98,32,2.35,scattered clouds
491,Boca Do Acre,BR,-8.75,-67.4,78.21,76,94,2.26,overcast clouds
492,Bhatkal,IN,13.97,74.57,75.36,84,100,11.9,overcast clouds
493,Cockburn Town,TC,21.46,-71.14,83.05,79,100,16.13,overcast clouds
494,Ureki,GE,42.0,41.78,57.2,71,0,20.8,clear sky
495,Nizwa,OM,22.93,57.53,65.95,25,4,6.73,clear sky
496,Pacific Grove,US,36.62,-121.92,64.0,88,100,1.99,overcast clouds
497,Muisne,EC,0.6,-80.03,74.62,87,78,11.95,broken clouds
498,Necochea,AR,-38.55,-58.74,54.0,88,3,1.99,clear sky
499,Talcahuano,CL,-36.72,-73.12,53.6,87,20,4.7,few clouds
500,Belyy Yar,RU,53.6,91.39,33.8,100,75,6.71,broken clouds
501,Walvis Bay,NA,-22.96,14.51,60.01,87,6,2.24,clear sky
502,Kozhva,RU,65.11,57.05,21.47,91,91,10.2,overcast clouds
503,Lata,PT,40.16,-8.33,51.01,93,0,4.7,clear sky
504,Opuwo,NA,-18.06,13.84,66.65,55,91,1.72,overcast clouds
505,Mandalgovi,MN,45.76,106.27,38.19,58,100,4.76,overcast clouds
506,Barranca,PE,-10.75,-77.77,62.08,82,100,2.59,overcast clouds
507,Campos Belos,BR,-13.04,-46.77,73.78,77,88,5.37,overcast clouds
508,Ulaangom,MN,49.98,92.07,33.4,87,100,5.19,overcast clouds
509,Wanaka,NZ,-44.7,169.15,63.7,51,73,11.56,broken clouds
510,Avera,US,33.19,-82.53,70.0,100,40,5.1,scattered clouds
511,Aykhal,RU,66.0,111.5,14.0,72,0,11.18,clear sky
512,Dabakala,CI,8.37,-4.43,72.9,83,68,2.26,broken clouds
513,Vrangel,RU,42.73,133.08,40.6,67,27,20.54,scattered clouds
514,Nadym,RU,65.53,72.52,12.33,93,89,10.16,overcast clouds
515,Liku,ID,-0.73,119.89,86.11,62,35,0.25,scattered clouds
516,Saint-Joseph,RE,-21.37,55.62,69.8,68,40,3.36,scattered clouds
517,Svetlogorsk,BY,52.63,29.73,49.42,95,100,5.08,overcast clouds
518,Nemuro,JP,43.32,145.57,57.2,71,20,10.29,few clouds
519,Jumla,NP,29.27,82.18,44.06,60,0,4.63,clear sky
520,Listvyanka,RU,51.85,104.87,28.4,100,40,4.47,scattered clouds
521,Varna,BG,43.22,27.92,59.0,87,0,4.7,clear sky
522,Kargopol,RU,61.51,38.95,43.2,97,100,4.5,overcast clouds
523,Santa Ana,US,33.75,-117.87,70.0,75,100,7.02,overcast clouds
524,Baglung,NP,28.27,83.59,59.4,34,0,5.86,clear sky
525,Naze,JP,28.37,129.48,73.4,56,75,9.17,broken clouds
526,Novomikhaylovskiy,RU,44.26,38.86,59.74,68,0,3.89,clear sky
527,Tamandare,BR,-8.76,-35.1,76.69,86,0,9.57,clear sky
528,Buraydah,SA,26.33,43.98,62.6,33,0,5.82,clear sky
529,Port Macquarie,AU,-31.43,152.92,70.0,94,90,6.93,overcast clouds
530,Batangafo,CF,7.3,18.28,72.25,91,100,2.84,overcast clouds
531,Yarmouth,US,41.71,-70.23,59.0,93,90,3.36,overcast clouds
532,Livermore,US,37.68,-121.77,73.99,40,1,10.29,clear sky
533,Booue,GA,-0.09,11.94,71.15,96,100,1.79,overcast clouds
534,Mendi,PG,-6.18,143.65,63.27,92,79,3.8,moderate rain
535,Bonnyville,CA,54.27,-110.73,19.4,73,90,3.36,overcast clouds
536,Camopi,GF,3.17,-52.32,77.0,82,0,4.03,clear sky
537,Naustdal,NO,61.51,5.72,42.8,81,100,16.11,overcast clouds
538,Cascavel,BR,-24.96,-53.46,68.23,68,0,4.12,clear sky
539,Murdochville,CA,48.96,-65.5,38.25,95,100,15.97,overcast clouds
540,Kushima,JP,31.46,131.23,62.6,48,20,18.34,few clouds
541,Ust-Maya,RU,60.42,134.53,16.47,92,0,1.28,clear sky
542,Rio Grande,BR,-32.03,-52.1,64.0,95,100,9.62,overcast clouds
543,Saint Anthony,US,45.02,-93.22,35.6,69,90,9.17,overcast clouds
544,Teacapan,MX,22.55,-105.75,83.25,78,1,7.72,clear sky
545,Pandamatenga,BW,-18.53,25.63,69.39,33,4,5.68,clear sky
546,Arlit,NE,18.74,7.39,79.29,16,0,12.12,clear sky
547,Kenai,US,60.55,-151.26,41.0,60,90,16.11,overcast clouds
548,Biak,ID,-0.91,122.88,83.97,69,20,3.24,few clouds
549,Mana,GF,5.66,-53.78,80.76,83,50,10.69,scattered clouds
550,Boddam,GB,57.47,-1.78,42.01,93,88,9.17,overcast clouds
551,Clyde River,CA,70.47,-68.59,21.2,85,90,5.82,overcast clouds
552,Sinnamary,GF,5.38,-52.95,80.37,84,90,9.55,overcast clouds
553,Siddipet,IN,18.1,78.85,71.2,72,5,2.46,clear sky
554,Dubti,ET,11.74,41.09,84.18,34,24,3.0,few clouds
555,Tombouctou,ML,20.0,-3.0,88.41,12,16,9.15,few clouds
556,Ambulu,ID,-8.35,113.61,82.63,73,9,3.02,clear sky
557,Ishinomaki,JP,38.42,141.3,60.8,44,20,17.22,few clouds
558,Paso De Carrasco,UY,-34.86,-56.05,62.01,100,75,6.93,fog
559,Beloha,MG,-25.17,45.05,69.46,78,100,9.04,overcast clouds
560,Soyo,AO,-6.13,12.37,76.71,82,100,8.99,light rain
561,Dalvik,IS,65.97,-18.53,41.0,80,90,8.05,drizzle
562,Nara,JP,34.69,135.8,64.99,63,40,10.29,scattered clouds
563,Bukama,CD,-9.2,25.85,72.03,82,46,2.44,scattered clouds
564,Emerald,AU,-23.53,148.17,71.6,83,75,8.05,light rain
565,Manjacaze,MZ,-24.71,33.88,64.62,95,0,3.74,clear sky
566,Eyl,SO,7.98,49.82,78.84,80,100,0.74,overcast clouds
567,Lasa,IT,46.62,10.7,52.0,100,90,3.36,moderate rain
568,Bhinmal,IN,25.0,72.25,72.99,41,0,3.65,clear sky
569,Berdigestyakh,RU,62.1,126.7,26.02,98,100,5.01,light snow
570,Panzhihua,CN,26.59,101.71,60.57,66,85,1.5,overcast clouds
571,Valkla,EE,59.47,25.32,39.2,76,40,4.7,scattered clouds
572,Hosdurga,IN,13.8,76.29,68.45,84,28,3.02,scattered clouds
573,Liverpool,GB,53.41,-2.98,46.4,81,20,12.75,few clouds
574,Dalian,CN,38.91,121.6,57.2,54,0,6.71,clear sky
575,Lazaro Cardenas,MX,17.96,-102.2,81.14,83,100,5.28,overcast clouds
576,Camana,PE,-16.62,-72.71,64.0,78,98,4.34,overcast clouds
577,Huntley,US,42.17,-88.43,41.0,74,100,4.0,overcast clouds
578,Vibo Valentia,IT,38.7,16.13,48.2,100,40,5.82,scattered clouds
579,Vostok,RU,46.49,135.88,26.31,100,100,12.64,snow
580,Maragogi,BR,-9.01,-35.22,76.37,86,0,9.44,light rain
581,Nantucket,US,41.28,-70.1,57.99,91,90,6.93,overcast clouds
582,Minsk,BY,53.9,27.57,44.6,100,90,4.47,fog
583,Atyrau,KZ,47.12,51.88,50.0,93,40,13.42,mist
584,Fonte Boa,BR,-2.5,-66.27,74.89,94,100,0.4,moderate rain
585,Zambezi,ZM,-13.54,23.1,68.5,48,18,5.61,few clouds
586,Nokaneng,BW,-19.67,22.27,74.32,27,60,10.47,broken clouds
587,Tra Vinh,VN,9.93,106.35,79.7,83,97,1.57,overcast clouds
588,Gunjur,GM,13.2,-16.73,80.6,94,75,8.25,broken clouds
589,San Ignacio,BZ,17.16,-89.07,82.4,83,0,4.7,clear sky
590,Sinjai,ID,-5.12,120.25,88.56,56,2,5.95,clear sky
591,Novoagansk,RU,61.94,76.66,13.73,96,0,4.03,clear sky
592,Russell,US,32.35,-85.2,75.2,88,1,3.22,clear sky
593,Lufilufi,WS,-13.87,-171.6,87.8,70,40,3.36,scattered clouds
594,Tessalit,ML,20.2,1.01,81.79,17,0,10.6,clear sky
595,Hervey Bay,AU,-25.3,152.85,81.0,65,75,18.34,light rain
596,Tatarsk,RU,55.22,75.98,25.54,95,100,14.25,light snow
597,Chato,TZ,-2.64,31.77,67.89,68,0,3.36,clear sky
598,Ust-Nera,RU,64.57,143.2,24.75,92,96,3.22,overcast clouds
599,Marfino,RU,55.7,37.38,51.8,76,40,13.42,scattered clouds
600,Bloomington,US,44.84,-93.3,33.8,74,90,12.75,overcast clouds
601,Myaundzha,RU,63.05,147.19,23.02,94,96,2.73,overcast clouds
602,Yoichi,JP,43.2,140.77,51.8,71,75,8.05,light rain
603,Tazovskiy,RU,67.47,78.7,22.15,97,99,9.44,overcast clouds
604,Poros,GR,37.5,23.45,66.0,55,0,1.99,clear sky
605,High Rock,BS,26.62,-78.28,77.0,88,75,6.93,broken clouds
606,Veraval,IN,20.9,70.37,80.47,53,0,6.42,clear sky
607,Road Town,VG,18.42,-64.62,84.0,88,0,11.99,clear sky
608,Karpathos,GR,35.51,27.21,69.8,77,0,16.11,clear sky
609,Buchanan,LR,5.88,-10.05,77.2,88,99,6.62,moderate rain
610,Kribi,CM,2.95,9.92,75.58,90,100,1.43,light rain
611,Harper,LR,4.38,-7.72,76.87,90,79,6.69,broken clouds
612,Batticaloa,LK,7.71,81.69,77.63,74,0,6.67,clear sky
613,Campbellsville,US,37.34,-85.34,68.0,88,75,5.82,light rain
614,Iaciara,BR,-14.1,-46.63,71.69,85,47,6.76,scattered clouds
615,San Cristobal,VE,7.77,-72.22,66.49,90,90,2.01,moderate rain
616,Ipaba,BR,-19.41,-42.42,69.35,83,91,2.17,overcast clouds
617,Kabalo,CD,-6.05,26.92,69.62,94,100,1.9,overcast clouds
618,San Carlos De Bariloche,AR,-41.15,-71.31,55.4,47,0,19.46,clear sky
619,Kazachinskoye,RU,57.7,93.28,29.21,96,0,4.83,clear sky
620,Erenhot,CN,43.65,111.98,41.76,55,0,6.06,clear sky
621,Fort Nelson,CA,58.81,-122.7,28.4,39,20,4.7,few clouds
622,Namibe,AO,-15.2,12.15,69.35,82,63,5.23,broken clouds
623,Egvekinot,RU,66.32,-179.17,24.01,94,6,8.95,clear sky
624,Rocha,UY,-34.48,-54.33,59.59,98,58,3.83,broken clouds
625,Peleduy,RU,59.63,112.74,30.65,96,100,0.83,overcast clouds
626,Ketchikan,US,55.34,-131.65,44.6,26,1,5.82,clear sky
627,Dingle,PH,11.0,122.67,75.87,92,100,10.0,overcast clouds
628,Hambantota,LK,6.12,81.12,75.2,100,20,6.93,few clouds
629,Chicama,PE,-7.84,-79.15,63.43,79,96,4.56,overcast clouds
630,Juneau,US,58.3,-134.42,37.99,29,75,5.82,broken clouds
631,Campo Grande,BR,-20.44,-54.65,73.4,83,75,4.7,broken clouds
632,Oxford,GB,51.75,-1.26,45.0,93,0,6.93,clear sky
633,Manta,EC,-0.95,-80.73,73.4,78,90,10.29,overcast clouds
634,Itubera,BR,-13.73,-39.15,71.19,92,76,3.06,broken clouds
635,Paranaiba,BR,-19.68,-51.19,76.46,80,100,5.41,overcast clouds
636,Mineiros,BR,-17.57,-52.55,71.42,87,100,5.79,moderate rain
637,Log,RU,49.48,43.86,56.59,80,100,8.21,light rain
638,North Bend,US,43.41,-124.22,57.99,100,90,6.93,mist
639,Simpang Empat,MY,4.95,100.63,80.6,88,20,1.88,few clouds
640,Bolshoy Lug,RU,52.08,104.09,28.4,100,40,4.47,scattered clouds
641,Ati,TD,13.22,18.34,83.7,18,2,13.47,clear sky
642,Victor Harbor,AU,-35.57,138.62,57.99,72,70,4.0,broken clouds
643,Lloydminster,CA,53.28,-110.0,17.6,61,90,3.36,overcast clouds
644,Darhan,MN,49.49,105.92,37.13,75,100,2.42,overcast clouds
645,Pierre,US,44.37,-100.35,21.2,79,1,4.7,clear sky
646,Lircay,PE,-12.99,-74.72,47.98,65,100,8.79,light rain
647,Dorado,PR,18.46,-66.27,82.4,83,20,9.17,few clouds
648,Comal,US,29.82,-98.3,55.0,88,37,4.0,scattered clouds
649,Flinders,AU,-34.58,150.86,75.99,79,100,4.0,overcast clouds
650,Anqing,CN,30.51,117.05,58.17,45,39,6.53,light rain
651,Fairbanks,US,64.84,-147.72,27.0,48,100,2.77,overcast clouds
652,Hami,CN,42.8,93.45,47.66,43,0,7.05,clear sky
653,Sola,VU,-13.88,167.55,87.8,74,75,5.82,broken clouds
654,Rapid Valley,US,44.06,-103.15,21.99,85,1,14.99,clear sky
655,Iquique,CL,-20.22,-70.14,62.6,77,90,16.11,overcast clouds
656,Millinocket,US,45.66,-68.71,53.6,81,90,5.82,overcast clouds
657,Kulhudhuffushi,MV,6.62,73.07,81.59,77,30,10.76,scattered clouds
658,Tulangan,ID,-7.49,112.66,85.95,62,0,2.26,clear sky
659,Ghorawal,IN,24.77,82.78,69.44,66,0,3.85,clear sky
660,Isiro,CD,2.77,27.62,68.09,99,100,1.05,overcast clouds
661,Papayal,PE,-4.08,-80.74,71.44,70,100,1.88,overcast clouds
662,Ayan,RU,56.45,138.17,37.17,90,100,18.54,moderate rain
663,Christchurch,NZ,-43.53,172.63,73.4,35,0,10.29,clear sky
664,Belaya Gora,RU,68.53,146.42,10.99,90,41,3.78,scattered clouds
665,Gaoua,BF,10.3,-3.25,75.22,55,38,5.03,scattered clouds
666,Along,IN,28.17,94.77,66.36,90,100,1.23,overcast clouds
667,Karoi,ZW,-16.81,29.69,64.47,42,0,4.61,clear sky
668,Jati,PK,24.35,68.27,75.4,61,0,6.67,clear sky
669,Ahuimanu,US,21.44,-157.84,82.4,88,90,6.93,light rain
670,Boshnyakovo,RU,49.63,142.17,46.8,72,61,5.97,broken clouds
671,Chala,TZ,-7.58,31.27,62.65,71,83,4.34,broken clouds
672,Pahrump,US,36.21,-115.98,75.2,12,1,4.7,clear sky
673,Adeje,ES,28.12,-16.73,69.8,56,20,13.87,few clouds
674,Dakar,SN,14.69,-17.44,82.4,94,0,4.7,clear sky
675,Sakaiminato,JP,35.55,133.23,60.8,59,20,18.34,few clouds
676,Luanda,AO,-8.84,13.23,77.0,78,75,8.05,broken clouds
677,Byron Bay,AU,-28.65,153.62,75.2,78,75,10.29,broken clouds
678,Omboue,GA,-1.57,9.26,75.79,90,100,5.32,overcast clouds
679,Nautla,MX,20.22,-96.78,77.32,76,0,3.09,clear sky
680,San Quintin,MX,30.48,-115.95,66.88,74,100,9.93,overcast clouds
681,Santa Engracia,ES,41.94,-1.32,53.6,87,0,3.62,clear sky
682,Karratha,AU,-20.74,116.85,78.94,39,0,10.78,clear sky
683,Miri,MY,4.41,114.01,77.0,94,40,4.7,scattered clouds
684,Rybachiy,RU,48.71,44.74,55.4,87,0,13.42,light rain
685,Plonsk,PL,52.62,20.38,54.0,100,75,6.93,mist
686,Copiapo,CL,-27.37,-70.33,55.4,82,0,11.41,clear sky
687,Bairiki,KI,1.33,172.98,86.0,66,40,10.29,scattered clouds
688,Gazanjyk,TM,39.24,55.52,46.81,74,0,1.39,clear sky
689,Mwinilunga,ZM,-11.74,24.43,68.5,51,100,2.55,overcast clouds
690,Bealanana,MG,-14.55,48.73,54.79,90,4,4.21,clear sky
691,Bemidji,US,47.47,-94.88,23.0,92,75,6.93,broken clouds
692,Port Hueneme,US,34.15,-119.2,66.99,72,90,5.82,overcast clouds
693,Haines Junction,CA,60.75,-137.51,23.16,80,100,1.57,overcast clouds
694,Marquette,US,46.53,-87.63,34.0,94,92,8.28,overcast clouds
695,Sakit,IN,27.45,78.82,70.16,26,0,2.46,clear sky
696,Zhuhai,CN,22.28,113.57,73.4,53,20,17.22,few clouds
697,Inverell,AU,-29.78,151.12,66.0,96,100,8.01,light rain
698,Taiyuan,CN,37.87,112.56,41.0,48,0,2.24,clear sky
699,Goure,NE,13.98,10.27,84.0,21,0,5.99,clear sky
700,Sayyan,YE,15.17,44.32,49.28,43,4,4.03,clear sky
701,Menongue,AO,-14.66,17.69,68.16,51,31,3.49,scattered clouds
702,Faya,SA,18.39,42.45,57.2,26,0,4.92,clear sky
703,Alugan,PH,12.22,125.48,84.2,72,93,3.98,overcast clouds
704,Shakhovskaya,RU,56.03,35.51,46.98,87,92,13.4,overcast clouds
705,Stadtallendorf,DE,50.83,9.02,50.0,85,17,5.46,few clouds
706,Anito,PH,12.45,125.29,84.67,72,100,7.09,overcast clouds
707,Challapata,BO,-18.9,-66.77,55.8,37,9,11.59,clear sky
708,Gostyn,PL,51.88,17.01,57.99,98,100,11.59,overcast clouds
709,Madimba,TZ,-10.4,40.33,75.7,87,100,4.92,overcast clouds
710,Hobyo,SO,5.35,48.53,81.07,77,100,11.01,overcast clouds
711,Galle,LK,6.04,80.22,79.03,85,53,9.95,light rain
712,Nuuk,GL,64.18,-51.72,30.2,68,12,2.24,few clouds
713,Gat,IL,31.61,34.76,69.8,83,0,3.36,clear sky
714,Praia,CV,14.92,-23.51,78.8,78,40,17.22,scattered clouds
715,Stornoway,GB,58.21,-6.39,48.99,81,75,33.33,light intensity shower rain
716,Oussouye,SN,12.48,-16.55,78.8,88,0,6.93,clear sky
717,Manadhoo,MV,5.77,73.38,81.27,80,67,12.75,light rain
